,Student_ID,Branch,Python_Score,SQL_Score,Aptitude_Score,Communication_Score,Projects_Completed,Mock_Interviews_Attended,Total_Score,Average_Score,Lowest_Skill_Score,Readiness_score,Readiness_Band
5,S0006,IT,95,98,100,80,5,4,373,93.25,80,100.0,Ready
67,S0068,MECH,88,93,96,45,4,6,322,80.5,45,94.5,Ready
84,S0085,IT,81,100,93,52,4,5,326,81.5,52,94.5,Ready
44,S0045,IT,100,85,92,96,4,6,373,93.25,85,100.0,Ready
110,S0111,CSE,100,100,92,72,4,3,364,91.0,72,100.0,Ready
26,S0027,ECE,56,54,90,34,3,0,234,58.5,34,64.5,Almost Ready
100,S0101,IT,74,98,86,69,2,5,327,81.75,69,90.75,Ready
55,S0056,IT,70,62,84,58,3,4,274,68.5,58,78.5,Ready
104,S0105,IT,74,44,84,60,1,4,262,65.5,44,71.5,Almost Ready
99,S0100,IT,66,31,84,50,1,3,231,57.75,31,62.75,Almost Ready
119,S0120,CSE,80,72,82,61,3,5,295,73.75,61,84.75,Ready
102,S0103,CSE,88,50,80,57,3,4,275,68.75,50,78.75,Ready
2,S0003,IT,55,38,80,41,3,3,214,53.5,38,62.5,Almost Ready
79,S0080,CSE,60,64,79,33,4,5,236,59.0,33,72.0,Almost Ready
117,S0118,ECE,78,70,79,75,3,3,302,75.5,70,84.5,Ready
75,S0076,ECE,80,77,79,76,2,6,312,78.0,76,88.0,Ready
16,S0017,IT,69,68,79,48,1,3,264,66.0,48,71.0,Almost Ready
47,S0048,IT,93,98,77,74,3,4,342,85.5,74,95.5,Ready
0,S0001,CSE,82,70,77,68,2,5,297,74.25,68,83.25,Ready
113,S0114,CSE,100,79,76,56,1,2,311,77.75,56,81.75,Ready
66,S0067,ECE,68,56,76,62,4,8,262,65.5,56,81.5,Ready
53,S0054,CSE,78,48,75,74,3,3,275,68.75,48,77.75,Ready
111,S0112,CSE,69,78,75,38,1,4,260,65.0,38,71.0,Almost Ready
88,S0089,CSE,94,100,74,94,3,3,362,90.5,74,99.5,Ready
77,S0078,ECE,49,32,74,59,2,3,214,53.5,32,60.5,Almost Ready
51,S0052,CSE,97,70,73,64,4,3,304,76.0,64,87.0,Ready
41,S0042,MECH,60,59,72,36,5,3,227,56.75,36,69.75,Almost Ready
108,S0109,ECE,42,62,72,50,3,5,226,56.5,42,67.5,Almost Ready
83,S0084,ECE,37,35,71,27,3,1,170,42.5,27,49.5,Need Work
59,S0060,IT,88,77,71,49,3,2,285,71.25,49,79.25,Ready
93,S0094,IT,69,56,71,48,2,3,244,61.0,48,68.0,Almost Ready
48,S0049,CSE,58,54,71,23,1,3,206,51.5,23,56.5,Need Work
8,S0009,IT,85,75,70,64,6,4,294,73.5,64,89.5,Ready
4,S0005,MECH,28,25,70,27,0,1,150,37.5,25,38.5,Need Work
25,S0026,CSE,51,66,70,73,3,4,260,65.0,51,75.0,Ready
62,S0063,ECE,85,62,70,74,3,4,291,72.75,62,82.75,Ready
37,S0038,CSE,76,73,70,37,2,6,256,64.0,37,74.0,Almost Ready
35,S0036,MECH,72,56,69,49,3,4,246,61.5,49,71.5,Almost Ready
81,S0082,IT,95,88,69,100,3,5,352,88.0,69,99.0,Ready
57,S0058,IT,79,73,68,61,4,3,281,70.25,61,81.25,Ready
98,S0099,MECH,57,46,68,44,3,3,215,53.75,44,62.75,Almost Ready
29,S0030,ECE,63,85,68,74,4,6,290,72.5,63,86.5,Ready
12,S0013,IT,76,56,68,76,2,4,276,69.0,56,77.0,Ready
14,S0015,ECE,62,71,68,53,3,5,254,63.5,53,74.5,Almost Ready
20,S0021,IT,65,71,67,59,1,3,262,65.5,59,70.5,Almost Ready
40,S0041,ECE,55,63,67,43,3,0,228,57.0,43,63.0,Almost Ready
76,S0077,CSE,61,64,67,32,1,1,224,56.0,32,59.0,Need Work
78,S0079,ECE,59,69,66,34,3,4,228,57.0,34,67.0,Almost Ready
94,S0095,ECE,61,57,66,47,2,5,231,57.75,47,66.75,Almost Ready
107,S0108,CSE,78,57,66,57,3,1,258,64.5,57,71.5,Almost Ready
34,S0035,CSE,79,100,66,45,4,4,290,72.5,45,84.5,Ready
91,S0092,CSE,69,76,64,47,2,5,256,64.0,47,73.0,Almost Ready
17,S0018,IT,60,49,64,43,1,2,216,54.0,43,58.0,Need Work
7,S0008,ECE,80,64,63,67,2,7,274,68.5,63,79.5,Ready
61,S0062,ECE,43,51,63,60,3,2,217,54.25,43,62.25,Almost Ready
18,S0019,ECE,69,56,63,37,4,6,225,56.25,37,70.25,Almost Ready
112,S0113,IT,53,56,62,18,2,1,189,47.25,18,52.25,Need Work
22,S0023,ECE,25,70,61,51,1,1,207,51.75,25,54.75,Need Work
115,S0116,MECH,53,73,61,59,4,5,246,61.5,53,74.5,Almost Ready
116,S0117,IT,77,48,61,52,3,4,238,59.5,48,69.5,Almost Ready
23,S0024,CSE,74,76,59,68,2,6,277,69.25,59,79.25,Ready
68,S0069,MECH,76,59,59,74,3,2,268,67.0,59,75.0,Ready
85,S0086,CSE,52,45,59,25,5,3,181,45.25,25,58.25,Need Work
49,S0050,CSE,78,56,59,60,3,1,253,63.25,56,70.25,Almost Ready
50,S0051,IT,36,72,59,14,3,6,181,45.25,14,57.25,Need Work
46,S0047,CSE,76,63,58,57,3,0,254,63.5,57,69.5,Almost Ready
28,S0029,IT,83,39,58,32,3,6,212,53.0,32,65.0,Almost Ready
64,S0065,IT,56,62,58,59,2,6,235,58.75,56,68.75,Almost Ready
74,S0075,MECH,42,60,57,35,1,4,194,48.5,35,54.5,Need Work
114,S0115,CSE,55,59,57,40,2,2,211,52.75,40,58.75,Need Work
13,S0014,CSE,67,76,57,27,2,4,227,56.75,27,64.75,Almost Ready
63,S0064,IT,58,57,56,28,2,1,199,49.75,28,54.75,Need Work
19,S0020,CSE,95,79,56,31,2,3,261,65.25,31,72.25,Almost Ready
36,S0037,IT,76,90,56,57,0,2,279,69.75,56,71.75,Almost Ready
70,S0071,ECE,65,32,55,52,3,0,204,51.0,32,57.0,Need Work
33,S0034,CSE,91,81,55,63,3,5,290,72.5,55,83.5,Ready
38,S0039,CSE,76,79,55,58,1,4,268,67.0,55,73.0,Almost Ready
89,S0090,IT,64,75,55,65,3,5,259,64.75,55,75.75,Ready
95,S0096,CSE,66,81,55,80,2,6,282,70.5,55,80.5,Ready
109,S0110,IT,56,47,55,37,1,3,195,48.75,37,53.75,Need Work
118,S0119,CSE,80,81,54,23,3,2,238,59.5,23,67.5,Almost Ready
101,S0102,IT,47,46,54,47,1,2,194,48.5,46,52.5,Need Work
43,S0044,IT,53,48,53,0,3,4,154,38.5,0,48.5,Need Work
86,S0087,ECE,58,78,53,70,3,2,259,64.75,53,72.75,Almost Ready
72,S0073,CSE,56,60,53,55,3,3,224,56.0,53,65.0,Almost Ready
82,S0083,ECE,58,48,53,30,3,5,189,47.25,30,58.25,Need Work
65,S0066,IT,76,71,53,59,4,5,259,64.75,53,77.75,Ready
3,S0004,IT,56,48,51,59,2,5,214,53.5,48,62.5,Almost Ready
103,S0104,CSE,62,72,51,22,5,3,207,51.75,22,64.75,Almost Ready
24,S0025,CSE,62,56,50,26,3,2,194,48.5,26,56.5,Need Work
73,S0074,CSE,85,67,50,36,5,3,238,59.5,36,72.5,Almost Ready
69,S0070,IT,52,58,49,36,3,4,195,48.75,36,58.75,Need Work
9,S0010,MECH,41,31,49,32,2,2,153,38.25,31,44.25,Need Work
58,S0059,ECE,53,50,48,39,1,1,190,47.5,39,50.5,Need Work
15,S0016,ECE,30,41,47,50,1,0,168,42.0,30,44.0,Need Work
71,S0072,CSE,81,87,47,66,2,3,281,70.25,47,77.25,Ready
39,S0040,ECE,48,46,46,0,4,0,140,35.0,0,43.0,Need Work
80,S0081,ECE,34,50,45,72,2,0,201,50.25,34,54.25,Need Work
92,S0093,CSE,76,83,43,39,2,5,241,60.25,39,69.25,Almost Ready
30,S0031,CSE,73,56,41,55,2,2,225,56.25,41,62.25,Almost Ready
27,S0028,CSE,48,35,41,5,4,3,129,32.25,5,43.25,Need Work
6,S0007,CSE,74,47,41,32,1,6,194,48.5,32,56.5,Need Work
31,S0032,CSE,64,55,40,45,2,3,204,51.0,40,58.0,Need Work
32,S0033,CSE,42,55,39,39,3,1,175,43.75,39,50.75,Need Work
87,S0088,ECE,57,49,39,43,1,2,188,47.0,39,51.0,Need Work
21,S0022,MECH,44,43,38,58,3,0,183,45.75,38,51.75,Need Work
90,S0091,ECE,40,47,35,42,4,1,164,41.0,35,50.0,Need Work
54,S0055,IT,59,45,30,24,1,0,158,39.5,24,41.5,Need Work
10,S0011,CSE,42,50,30,20,3,1,142,35.5,20,42.5,Need Work
42,S0043,MECH,41,67,29,28,0,1,165,41.25,28,42.25,Need Work
60,S0061,CSE,54,70,29,26,2,3,179,44.75,26,51.75,Need Work
11,S0012,CSE,27,57,28,32,3,3,144,36.0,27,45.0,Need Work
106,S0107,IT,34,23,27,0,5,3,84,21.0,0,34.0,Need Work
45,S0046,ECE,45,44,26,23,3,2,138,34.5,23,42.5,Need Work
97,S0098,IT,37,41,24,28,2,0,130,32.5,24,36.5,Need Work
1,S0002,IT,45,43,24,52,2,0,164,41.0,24,45.0,Need Work
105,S0106,CSE,74,28,22,28,0,1,152,38.0,22,39.0,Need Work
96,S0097,ECE,50,30,16,14,2,5,110,27.5,14,36.5,Need Work
56,S0057,CSE,39,32,9,14,2,0,94,23.5,9,27.5,Need Work
52,S0053,CSE,23,27,0,1,2,4,51,12.75,0,20.75,Need Work