Student_ID,Branch,Python_Score,SQL_Score,Aptitude_Score,Communication_Score,Projects_Completed,Mock_Interviews_Attended
S0001,CSE,82,70,77,68,2,5
S0002,IT,45,43,24,52,2,0
S0003,IT,55,38,80,41,3,3
S0004,IT,56,48,51,59,2,5
S0005,MECH,28,25,70,27,0,1
S0006,IT,95,98,100,80,5,4
S0007,CSE,74,47,41,32,1,6
S0008,ECE,80,64,63,67,2,7
S0009,IT,85,75,70,64,6,4
S0010,MECH,41,31,49,32,2,2
S0011,CSE,42,50,30,20,3,1
S0012,CSE,27,57,28,32,3,3
S0013,IT,76,56,68,76,2,4
S0014,CSE,67,76,57,27,2,4
S0015,ECE,62,71,68,53,3,5
S0016,ECE,30,41,47,50,1,0
S0017,IT,69,68,79,48,1,3
S0018,IT,60,49,64,43,1,2
S0019,ECE,69,56,63,37,4,6
S0020,CSE,95,79,56,31,2,3
S0021,IT,65,71,67,59,1,3
S0022,MECH,44,43,38,58,3,0
S0023,ECE,25,70,61,51,1,1
S0024,CSE,74,76,59,68,2,6
S0025,CSE,62,56,50,26,3,2
S0026,CSE,51,66,70,73,3,4
S0027,ECE,56,54,90,34,3,0
S0028,CSE,48,35,41,5,4,3
S0029,IT,83,39,58,32,3,6
S0030,ECE,63,85,68,74,4,6
S0031,CSE,73,56,41,55,2,2
S0032,CSE,64,55,40,45,2,3
S0033,CSE,42,55,39,39,3,1
S0034,CSE,91,81,55,63,3,5
S0035,CSE,79,100,66,45,4,4
S0036,MECH,72,56,69,49,3,4
S0037,IT,76,90,56,57,0,2
S0038,CSE,76,73,70,37,2,6
S0039,CSE,76,79,55,58,1,4
S0040,ECE,48,46,46,0,4,0
S0041,ECE,55,63,67,43,3,0
S0042,MECH,60,59,72,36,5,3
S0043,MECH,41,67,29,28,0,1
S0044,IT,53,48,53,0,3,4
S0045,IT,100,85,92,96,4,6
S0046,ECE,45,44,26,23,3,2
S0047,CSE,76,63,58,57,3,0
S0048,IT,93,98,77,74,3,4
S0049,CSE,58,54,71,23,1,3
S0050,CSE,78,56,59,60,3,1
S0051,IT,36,72,59,14,3,6
S0052,CSE,97,70,73,64,4,3
S0053,CSE,23,27,0,1,2,4
S0054,CSE,78,48,75,74,3,3
S0055,IT,59,45,30,24,1,0
S0056,IT,70,62,84,58,3,4
S0057,CSE,39,32,9,14,2,0
S0058,IT,79,73,68,61,4,3
S0059,ECE,53,50,48,39,1,1
S0060,IT,88,77,71,49,3,2
S0061,CSE,54,70,29,26,2,3
S0062,ECE,43,51,63,60,3,2
S0063,ECE,85,62,70,74,3,4
S0064,IT,58,57,56,28,2,1
S0065,IT,56,62,58,59,2,6
S0066,IT,76,71,53,59,4,5
S0067,ECE,68,56,76,62,4,8
S0068,MECH,88,93,96,45,4,6
S0069,MECH,76,59,59,74,3,2
S0070,IT,52,58,49,36,3,4
S0071,ECE,65,32,55,52,3,0
S0072,CSE,81,87,47,66,2,3
S0073,CSE,56,60,53,55,3,3
S0074,CSE,85,67,50,36,5,3
S0075,MECH,42,60,57,35,1,4
S0076,ECE,80,77,79,76,2,6
S0077,CSE,61,64,67,32,1,1
S0078,ECE,49,32,74,59,2,3
S0079,ECE,59,69,66,34,3,4
S0080,CSE,60,64,79,33,4,5
S0081,ECE,34,50,45,72,2,0
S0082,IT,95,88,69,100,3,5
S0083,ECE,58,48,53,30,3,5
S0084,ECE,37,35,71,27,3,1
S0085,IT,81,100,93,52,4,5
S0086,CSE,52,45,59,25,5,3
S0087,ECE,58,78,53,70,3,2
S0088,ECE,57,49,39,43,1,2
S0089,CSE,94,100,74,94,3,3
S0090,IT,64,75,55,65,3,5
S0091,ECE,40,47,35,42,4,1
S0092,CSE,69,76,64,47,2,5
S0093,CSE,76,83,43,39,2,5
S0094,IT,69,56,71,48,2,3
S0095,ECE,61,57,66,47,2,5
S0096,CSE,66,81,55,80,2,6
S0097,ECE,50,30,16,14,2,5
S0098,IT,37,41,24,28,2,0
S0099,MECH,57,46,68,44,3,3
S0100,IT,66,31,84,50,1,3
S0101,IT,74,98,86,69,2,5
S0102,IT,47,46,54,47,1,2
S0103,CSE,88,50,80,57,3,4
S0104,CSE,62,72,51,22,5,3
S0105,IT,74,44,84,60,1,4
S0106,CSE,74,28,22,28,0,1
S0107,IT,34,23,27,0,5,3
S0108,CSE,78,57,66,57,3,1
S0109,ECE,42,62,72,50,3,5
S0110,IT,56,47,55,37,1,3
S0111,CSE,100,100,92,72,4,3
S0112,CSE,69,78,75,38,1,4
S0113,IT,53,56,62,18,2,1
S0114,CSE,100,79,76,56,1,2
S0115,CSE,55,59,57,40,2,2
S0116,MECH,53,73,61,59,4,5
S0117,IT,77,48,61,52,3,4
S0118,ECE,78,70,79,75,3,3
S0119,CSE,80,81,54,23,3,2
S0120,CSE,80,72,82,61,3,5